{
  "CenterOfMap": {
    "x": 195.20779418945312,
    "y": -933.9711303710938,
    "z": 30.68680763244629,
    "radius": 80.0
  },
  "SpawnPoints": [
    {
      "x": 221.30213928222656,
      "y": -917.267578125,
      "z": 30.6920166015625,
      "a": 11.822702407836914
    },
    {
      "x": 172.83587646484375,
      "y": -900.73388671875,
      "z": 30.692062377929688,
      "a": 211.6510772705078
    },
    {
      "x": 175.98460388183594,
      "y": -982.2692260742188,
      "z": 30.079408645629883,
      "a": 335.7704162597656
    },
    {
      "x": 212.13858032226562,
      "y": -945.7220458984375,
      "z": 30.686809539794922,
      "a": 51.48756408691406
    }
  ]
}